{"polyfill":["/polyfill-c4336065681b4417609f.js"],"app":["/app-72f0af770a349d4e5bc7.js"],"component---cache-caches-gatsby-plugin-offline-app-shell-js":["/component---cache-caches-gatsby-plugin-offline-app-shell-js-d285c0ed9414505b0b45.js"],"component---src-pages-404-js":["/component---src-pages-404-js-5ca92d38739716018d03.js"],"component---src-pages-img-js":["/component---src-pages-img-js-d6dfb03d2eb5da948ecd.js"],"component---src-pages-index-js":["/component---src-pages-index-js-655e28c77894611bc8ff.js"],"component---src-template-detail-tour-js":["/component---src-template-detail-tour-js-805a9ca099ef9c63bdff.js"]}