{"errors":[],"warnings":[],"namedChunkGroups":{"polyfill":{"chunks":[3,11],"assets":["webpack-runtime-1f3476c9ad749d779d96.js","webpack-runtime-1f3476c9ad749d779d96.js.map","polyfill-c4336065681b4417609f.js","polyfill-c4336065681b4417609f.js.map"],"children":{},"childAssets":{}},"app":{"chunks":[3,12,10,4],"assets":["webpack-runtime-1f3476c9ad749d779d96.js","webpack-runtime-1f3476c9ad749d779d96.js.map","styles.6ad7186e61c24199774c.css","styles-31f023f48facb69035d3.js","styles-31f023f48facb69035d3.js.map","framework-d267d65f02062a2a0a34.js","framework-d267d65f02062a2a0a34.js.map","app-72f0af770a349d4e5bc7.js","app-72f0af770a349d4e5bc7.js.map"],"children":{},"childAssets":{}},"component---cache-caches-gatsby-plugin-offline-app-shell-js":{"chunks":[5],"assets":["component---cache-caches-gatsby-plugin-offline-app-shell-js-d285c0ed9414505b0b45.js","component---cache-caches-gatsby-plugin-offline-app-shell-js-d285c0ed9414505b0b45.js.map"],"children":{},"childAssets":{}},"component---src-pages-404-js":{"chunks":[0,6],"assets":["2cb6a4f2f3b08ae18e309ebfab9534537b1ca5b9-5e5dc996147414f39ade.js","2cb6a4f2f3b08ae18e309ebfab9534537b1ca5b9-5e5dc996147414f39ade.js.map","component---src-pages-404-js-5ca92d38739716018d03.js","component---src-pages-404-js-5ca92d38739716018d03.js.map"],"children":{},"childAssets":{}},"component---src-pages-img-js":{"chunks":[1,7],"assets":["de5ccd1774729981fcdb5f972594b1211765c72b-b66c6383f9db5046251c.js","de5ccd1774729981fcdb5f972594b1211765c72b-b66c6383f9db5046251c.js.map","component---src-pages-img-js-d6dfb03d2eb5da948ecd.js","component---src-pages-img-js-d6dfb03d2eb5da948ecd.js.map"],"children":{},"childAssets":{}},"component---src-pages-index-js":{"chunks":[1,0,2,8],"assets":["de5ccd1774729981fcdb5f972594b1211765c72b-b66c6383f9db5046251c.js","de5ccd1774729981fcdb5f972594b1211765c72b-b66c6383f9db5046251c.js.map","2cb6a4f2f3b08ae18e309ebfab9534537b1ca5b9-5e5dc996147414f39ade.js","2cb6a4f2f3b08ae18e309ebfab9534537b1ca5b9-5e5dc996147414f39ade.js.map","7cb10f7feb762aad67842039d6f1635189a26e95-1b1d3d4af9873bb54d1b.js","7cb10f7feb762aad67842039d6f1635189a26e95-1b1d3d4af9873bb54d1b.js.map","component---src-pages-index-js-655e28c77894611bc8ff.js","component---src-pages-index-js-655e28c77894611bc8ff.js.map"],"children":{},"childAssets":{}},"component---src-template-detail-tour-js":{"chunks":[1,0,2,9],"assets":["de5ccd1774729981fcdb5f972594b1211765c72b-b66c6383f9db5046251c.js","de5ccd1774729981fcdb5f972594b1211765c72b-b66c6383f9db5046251c.js.map","2cb6a4f2f3b08ae18e309ebfab9534537b1ca5b9-5e5dc996147414f39ade.js","2cb6a4f2f3b08ae18e309ebfab9534537b1ca5b9-5e5dc996147414f39ade.js.map","7cb10f7feb762aad67842039d6f1635189a26e95-1b1d3d4af9873bb54d1b.js","7cb10f7feb762aad67842039d6f1635189a26e95-1b1d3d4af9873bb54d1b.js.map","component---src-template-detail-tour-js-805a9ca099ef9c63bdff.js","component---src-template-detail-tour-js-805a9ca099ef9c63bdff.js.map"],"children":{},"childAssets":{}}},"assetsByChunkName":{"polyfill":["webpack-runtime-1f3476c9ad749d779d96.js","polyfill-c4336065681b4417609f.js"],"app":["webpack-runtime-1f3476c9ad749d779d96.js","styles.6ad7186e61c24199774c.css","styles-31f023f48facb69035d3.js","framework-d267d65f02062a2a0a34.js","app-72f0af770a349d4e5bc7.js"],"component---cache-caches-gatsby-plugin-offline-app-shell-js":["component---cache-caches-gatsby-plugin-offline-app-shell-js-d285c0ed9414505b0b45.js"],"component---src-pages-404-js":["2cb6a4f2f3b08ae18e309ebfab9534537b1ca5b9-5e5dc996147414f39ade.js","component---src-pages-404-js-5ca92d38739716018d03.js"],"component---src-pages-img-js":["de5ccd1774729981fcdb5f972594b1211765c72b-b66c6383f9db5046251c.js","component---src-pages-img-js-d6dfb03d2eb5da948ecd.js"],"component---src-pages-index-js":["de5ccd1774729981fcdb5f972594b1211765c72b-b66c6383f9db5046251c.js","2cb6a4f2f3b08ae18e309ebfab9534537b1ca5b9-5e5dc996147414f39ade.js","7cb10f7feb762aad67842039d6f1635189a26e95-1b1d3d4af9873bb54d1b.js","component---src-pages-index-js-655e28c77894611bc8ff.js"],"component---src-template-detail-tour-js":["de5ccd1774729981fcdb5f972594b1211765c72b-b66c6383f9db5046251c.js","2cb6a4f2f3b08ae18e309ebfab9534537b1ca5b9-5e5dc996147414f39ade.js","7cb10f7feb762aad67842039d6f1635189a26e95-1b1d3d4af9873bb54d1b.js","component---src-template-detail-tour-js-805a9ca099ef9c63bdff.js"]}}